.;102;102;290;102;103;85;307;85;102;102;290
.;103;102;290;102;102;102;291;102;85;102;291
.;103;102;290;103;85;102;291;102;102;86;307
.;85;68;237;67;85;68;237;67;85;67;221
.;86;68;239;68;86;68;222;68;85;68;239
.;88;70;245;70;70;70;245;70;70;70;246
.;89;71;230;70;89;52;248;71;70;71;248
:;233;72;233;71;233;161;71;72;89;72;71
<;71;87;246;70;88;70;246;88;70;0;0
<;72;90;234;90;72;90;234;90;90;0;0
<;87;68;240;68;86;69;223;68;86;0;0
>;83;84;67;83;83;84;234;83;84;83;234
1;72;90;233;89;233;89;234;89;233;0;0
1;72;90;234;90;234;90;234;72;252;0;0
1;90;71;232;88;232;89;231;89;232;0;0
2;73;91;73;91;237;72;237;91;237;0;0
3;110;90;91;108;91;108;290;109;290;0;0
3;117;90;91;108;92;109;289;109;290;0;0
3;73;72;91;72;72;73;235;73;236;0;0
3;88;69;88;87;70;87;228;88;245;0;0
3;89;71;89;71;88;71;249;71;249;0;0
3;89;71;89;88;71;89;231;89;231;0;0
3;89;89;71;89;71;88;232;88;231;0;0
3;90;71;71;71;88;71;232;71;231;0;0
3;90;88;71;89;71;89;231;89;231;0;0
3;91;109;90;109;90;91;308;126;291;0;0
3;91;72;91;72;91;72;236;90;236;0;0
3;91;72;91;72;91;72;236;91;236;0;0
3;91;73;72;73;90;54;236;72;235;0;0
3;91;73;91;72;72;91;236;90;236;0;0
4;68;85;68;85;86;85;68;85;239;0;0
4;69;85;68;85;85;86;68;85;239;0;0
4;72;71;90;71;72;71;90;71;233;0;0
4;90;71;90;71;72;71;90;71;233;0;0
5;107;141;107;159;88;177;106;159;88;0;0
5;108;89;107;90;107;89;108;89;108;0;0
5;108;89;108;89;108;107;89;90;107;0;0
5;108;89;108;89;108;89;108;90;107;0;0
5;108;90;107;108;89;107;90;107;90;0;0
5;108;90;107;89;108;89;107;90;107;0;0
5;108;90;107;89;108;89;108;89;107;0;0
5;108;90;107;90;107;89;108;89;108;0;0
5;108;90;107;90;107;90;107;90;107;0;0
5;108;90;107;90;107;90;107;90;107;0;0
5;71;70;88;70;88;70;87;70;71;0;0
5;72;72;89;72;89;54;89;72;89;0;0
5;72;89;72;89;72;89;72;89;72;0;0
5;72;90;71;89;72;89;72;89;72;0;0
5;72;90;71;90;71;90;71;90;71;0;0
5;72;90;71;90;71;90;71;90;71;0;0
5;72;90;71;90;71;90;72;89;72;0;0
5;72;90;72;89;72;89;71;90;71;0;0
5;73;89;72;89;71;90;71;90;71;0;0
5;74;92;73;74;92;74;73;92;74;0;0
5;74;92;73;74;92;74;73;92;74;0;0
5;74;92;74;73;92;74;74;92;73;0;0
5;74;92;74;92;74;73;92;74;74;0;0
5;74;92;74;92;74;73;93;73;74;0;0
5;75;93;75;74;93;75;74;93;75;0;0
5;85;68;85;85;68;85;86;85;68;0;0
5;86;68;85;85;68;85;86;85;68;0;0
5;87;103;104;86;103;104;103;104;86;0;0
5;88;70;70;70;88;70;88;70;88;0;0
5;88;70;88;70;88;53;88;70;88;0;0
5;88;85;68;85;85;68;86;85;68;0;0
5;88;88;70;88;88;70;88;70;88;0;0
5;89;70;88;87;71;87;71;87;71;0;0
5;89;87;70;88;70;885;89;87;70;88;70;88;88;70;87;0;0
5;90;107;89;107;89;107;90;107;89;0;0
5;90;161;107;161;108;161;89;179;90;0;0
5;90;53;90;71;90;71;72;71;89;0;0
5;90;71;71;72;90;73;75;73;75;0;0
5;90;71;72;90;71;90;71;90;72;0;0
5;90;71;90;71;90;71;90;71;72;0;0
5;90;71;90;71;90;72;89;72;89;0;0
5;90;71;90;72;89;72;89;72;89;0;0
5;90;72;89;54;89;73;75;71;91;0;0
5;90;72;89;72;72;71;90;71;72;0;0
5;90;72;89;72;89;72;89;72;89;0;0
5;90;72;89;72;89;72;89;72;89;0;0
5;90;89;71;90;71;89;72;89;72;0;0
5;90;89;72;71;90;71;90;71;90;0;0
5;90;89;72;72;89;72;89;72;89;0;0
5;90;89;72;89;72;71;90;71;90;0;0
5;90;89;72;89;72;89;72;89;72;0;0
5;90;89;72;89;72;89;72;89;72;0;0
5;90;89;72;89;72;89;72;89;72;0;0
5;90;89;72;89;72;89;72;89;72;0;0
5;90;89;72;89;72;89;72;89;72;0;0
5;92;74;92;73;74;92;73;74;92;0;0
5;92;92;74;74;92;73;74;92;74;0;0
5;93;71;72;89;71;90;71;90;71;0;0
5;93;72;75;72;89;72;71;71;90;0;0
5;93;73;74;92;74;91;74;74;73;0;0
5;93;74;73;92;74;73;93;73;74;0;0
5;93;77;77;92;77;77;77;92;78;0;0
6;252;89;72;89;72;89;72;71;90;0;0
6;252;89;72;89;72;89;72;89;72;0;0
7;220;68;237;67;85;68;84;68;84;0;0
7;228;70;228;69;88;70;87;70;87;0;0
7;231;89;249;71;88;71;89;71;89;0;0
7;234;83;235;83;67;83;84;83;83;0;0
7;234;89;234;89;72;89;72;89;72;0;0
7;234;89;234;89;72;89;72;89;72;0;0
7;235;90;234;90;72;90;72;90;72;0;0
7;242;83;234;84;83;84;83;67;84;0;0
7;245;70;227;70;87;70;87;52;88;0;0
7;249;71;248;71;89;71;89;71;89;0;0
7;256;85;222;85;85;85;69;85;85;0;0
7;290;102;308;85;102;102;103;102;85;0;0
7;291;102;290;102;102;102;86;102;102;0;0
7;301;106;300;88;106;89;106;105;89;0;0
a;102;102;290;0;0;0;0;0;0;0;0
a;102;102;291;;0;0;0;0;0;0;0
a;102;68;52;240;68;240;69;85;69;223;0
a;103;102;307;0;0;0;0;0;0;0;0
a;106;102;290;0;0;0;0;0;0;0;0
a;106;106;284;0;0;0;0;0;0;0;0
a;106;106;284;0;0;0;0;0;0;0;0
a;107;105;284;0;0;0;0;0;0;0;0
a;107;106;283;0;0;0;0;0;0;0;0
a;108;107;287;0;0;0;0;0;0;0;0
a;109;90;291;0;0;0;0;0;0;0;0
a;126;91;54;236;0;0;0;0;0;0;0
a;68;85;239;0;0;0;0;0;0;0;0
a;68;85;240;0;0;0;0;0;0;0;0
a;68;86;239;0;0;0;0;0;0;0;0
a;69;85;239;0;0;0;0;0;0;0;0
a;69;86;243;86;69;86;243;0;0;0;0
a;70;88;228;0;0;0;0;0;0;0;0
a;71;88;228;0;0;0;0;0;0;0;0
a;71;88;230;0;0;0;0;0;0;0;0
a;71;88;248;0;0;0;0;0;0;0;0
a;71;88;249;0;0;0;0;0;0;0;0
a;72;71;233;0;0;0;0;0;0;0;0
a;72;88;232;0;0;0;0;0;0;0;0
a;72;89;234;0;0;0;0;0;0;0;0
a;73;89;233;0;0;0;0;0;0;0;0
a;73;89;235;0;0;0;0;0;0;0;0
a;74;92;240;0;0;0;0;0;0;0;0
a;76;94;226;0;0;0;0;0;0;0;0
a;79;87;245;0;0;0;0;0;0;0;0
a;79;88;248;0;0;0;0;0;0;0;0
a;80;72;232;0;0;0;0;0;0;0;0
a;80;88;232;0;0;0;0;0;0;0;0
a;85;68;239;0;0;0;0;0;0;0;0
a;85;69;238;0;0;0;0;0;0;0;0
a;85;85;222;0;0;0;0;0;0;0;0
a;85;85;239;0;0;0;0;0;0;0;0
a;86;102;307;0;0;0;0;0;0;0;0
a;87;102;308;0;0;0;0;0;0;0;0
a;87;69;242;0;0;0;0;0;0;0;0
a;87;70;225;0;0;0;0;0;0;0;0
a;88;70;227;0;0;0;0;0;0;0;0
a;88;70;246;0;0;0;0;0;0;0;0
a;88;70;247;0;0;0;0;0;0;0;0
a;88;71;246;0;0;0;0;0;0;0;0
a;88;71;246;0;0;0;0;0;0;0;0
a;89;106;248;0;0;0;0;0;0;0;0
a;89;106;302;0;0;0;0;0;0;0;0
a;89;52;246;0;0;0;0;0;0;0;0
a;89;69;228;0;0;0;0;0;0;0;0
a;89;70;228;0;0;0;0;0;0;0;0
a;89;70;228;0;0;0;0;0;0;0;0
a;89;70;248;0;0;0;0;0;0;0;0
a;89;71;248;0;0;0;0;0;0;0;0
a;89;71;248;0;0;0;0;0;0;0;0
a;89;71;249;0;0;0;0;0;0;0;0
a;89;71;249;0;0;0;0;0;0;0;0
a;89;71;249;0;0;0;0;0;0;0;0
a;89;71;250;0;0;0;0;0;0;0;0
a;89;72;232;0;0;0;0;0;0;0;0
a;89;88;231;0;0;0;0;0;0;0;0
a;89;88;231;0;0;0;0;0;0;0;0
a;89;88;231;0;0;0;0;0;0;0;0
a;89;88;231;0;0;0;0;0;0;0;0
a;89;88;231;0;0;0;0;0;0;0;0
a;89;89;230;0;0;0;0;0;0;0;0
a;89;89;232;0;0;0;0;0;0;0;0
a;90;54;250;0;0;0;0;0;0;0;0
a;90;70;231;0;0;0;0;0;0;0;0
a;90;71;233;0;0;0;0;0;0;0;0
a;90;71;252;0;0;0;0;0;0;0;0
a;90;72;232;0;0;0;0;0;0;0;0
a;90;72;232;0;0;0;0;0;0;0;0
a;90;72;233;0;0;0;0;0;0;0;0
a;90;72;251;0;0;0;0;0;0;0;0
a;90;88;232;0;0;0;0;0;0;0;0
a;90;89;234;0;0;0;0;0;0;0;0
a;90;89;234;0;0;0;0;0;0;0;0
a;90;90;233;0;0;0;0;0;0;0;0
a;91;71;235;0;0;0;0;0;0;0;0
a;91;72;234;0;0;0;0;0;0;0;0
a;91;72;236;0;0;0;0;0;0;0;0
a;91;72;252;0;0;0;0;0;0;0;0
a;91;73;235;0;0;0;0;0;0;0;0
a;92;73;237;0;0;0;0;0;0;0;0
a;92;73;237;0;0;0;0;0;0;0;0
a;92;74;240;0;0;0;0;0;0;0;0
a;92;74;240;0;0;0;0;0;0;0;0
a;92;91;237;0;0;0;0;0;0;0;0
a;92;92;222;0;0;0;0;0;0;0;0
a;93;102;290;0;0;0;0;0;0;0;0
a;93;73;240;0;0;0;0;0;0;0;0
a;93;73;240;0;0;0;0;0;0;0;0
a;95;103;293;0;0;0;0;0;0;0;0
a;95;75;245;0;0;0;0;0;0;0;0
a;98;107;287;0;0;0;0;0;0;0;0
a;98;71;231;0;0;0;0;0;0;0;0
b;222;85;86;85;68;85;86;0;0;0;0
b;228;70;87;70;87;70;88;0;0;0;0
b;231;85;86;68;85;85;69;0;0;0;0
b;234;67;84;66;84;67;83;0;0;0;0
b;234;85;85;85;69;85;68;0;0;0;0
b;238;91;73;90;73;91;73;0;0;0;0
b;239;85;68;85;85;86;68;0;0;0;0
b;240;85;68;85;85;68;86;0;0;0;0
b;241;85;86;85;68;85;86;0;0;0;0
b;242;93;75;74;75;93;75;0;0;0;0
b;243;86;69;86;87;69;86;0;0;0;0
b;243;93;74;75;74;93;75;0;0;0;0
b;244;72;91;72;72;91;72;0;0;0;0
b;248;85;85;85;69;85;68;0;0;0;0
b;255;72;73;90;73;90;73;0;0;0;0
b;290;102;86;102;102;102;103;0;0;0;0
b;290;103;85;102;103;102;85;0;0;0;0
b;291;102;103;85;102;102;103;0;0;0;0
b;291;102;85;102;103;102;102;0;0;0;0
b;294;104;103;104;86;104;103;0;0;0;0
b;294;109;92;110;91;92;110;0;0;0;0
b;301;88;107;106;88;106;88;0;0;0;0
b;302;106;88;106;89;106;106;0;0;0;0
b;307;102;85;102;103;102;102;0;0;0;0
c;222;85;86;85;239;68;85;0;0;0;0
c;226;70;86;70;225;70;87;0;0;0;0
c;229;88;70;88;246;70;88;0;0;0;0
c;229;88;70;88;246;70;88;0;0;0;0
c;232;89;71;89;231;89;71;0;0;0;0
c;234;124;90;71;233;71;72;0;0;0;0
c;234;83;67;83;251;84;66;0;0;0;0
c;235;66;84;67;234;67;83;0;0;0;0
c;235;84;83;84;234;83;67;0;0;0;0
c;235;84;83;84;234;83;84;0;0;0;0
c;235;90;72;90;234;90;72;0;0;0;0
c;236;83;84;67;234;67;83;0;0;0;0
c;237;85;84;85;237;84;68;0;0;0;0
c;238;68;86;68;222;68;85;0;0;0;0
c;238;73;73;90;238;90;73;0;0;0;0
c;238;90;73;91;237;73;91;0;0;0;0
c;239;67;83;67;234;67;83;0;0;0;0
c;239;67;85;67;237;67;84;0;0;0;0
c;239;85;68;85;239;85;85;0;0;0;0
c;239;85;69;85;239;85;69;0;0;0;0
c;239;86;68;85;239;85;69;0;0;0;0
c;240;85;68;85;240;85;68;0;0;0;0
c;241;85;85;86;222;85;85;0;0;0;0
c;242;68;85;68;239;68;85;0;0;0;0
c;242;69;87;69;224;69;87;0;0;0;0
c;242;85;68;85;240;85;68;0;0;0;0
c;242;87;69;86;242;87;69;0;0;0;0
c;243;85;68;85;240;85;68;0;0;0;0
c;243;86;69;87;242;86;69;0;0;0;0
c;244;85;68;85;240;85;68;0;0;0;0
c;245;70;87;53;244;70;88;0;0;0;0
c;245;85;68;85;239;85;86;0;0;0;0
c;245;85;68;85;240;85;68;0;0;0;0
c;245;85;68;85;240;85;68;0;0;0;0
c;246;70;87;70;245;88;70;0;0;0;0
c;246;70;88;70;247;87;71;0;0;0;0
c;246;87;70;87;228;87;88;0;0;0;0
c;246;87;71;87;229;87;71;0;0;0;0
c;246;88;70;88;228;88;70;0;0;0;0
c;246;88;70;88;229;88;70;0;0;0;0
c;247;87;71;87;229;88;70;0;0;0;0
c;251;67;84;83;234;84;83;0;0;0;0
c;251;70;88;88;229;87;71;0;0;0;0
c;251;83;67;83;235;83;83;0;0;0;0
c;251;83;67;83;235;83;84;0;0;0;0
c;251;88;70;88;229;87;71;0;0;0;0
c;253;83;84;83;235;83;67;0;0;0;0
c;258;68;86;85;239;86;68;0;0;0;0
c;290;102;85;103;290;102;102;0;0;0;0
c;290;102;86;102;290;102;102;0;0;0;0
c;292;102;102;102;290;102;102;0;0;0;0
c;294;104;103;87;294;103;104;0;0;0;0
c;298;105;105;87;298;87;105;0;0;0;0
c;305;89;108;89;304;89;108;0;0;0;0
d;222;68;85;68;85;0;0;0;0;0;0
d;222;85;86;85;68;0;0;0;0;0;0
d;223;85;85;86;68;0;0;0;0;0;0
d;225;69;87;69;87;0;0;0;0;0;0
d;229;70;87;70;88;0;0;0;0;0;0
d;229;70;88;70;70;0;0;0;0;0;0
d;231;70;89;70;71;0;0;0;0;0;0
d;231;88;71;88;71;0;0;0;0;0;0
d;231;88;71;88;88;0;0;0;0;0;0
d;233;72;71;72;89;0;0;0;0;0;0
d;234;71;90;53;90;0;0;0;0;0;0
d;234;71;90;71;72;0;0;0;0;0;0
d;234;83;84;83;67;0;0;0;0;0;0
d;235;83;67;83;84;0;0;0;0;0;0
d;235;87;71;87;88;0;0;0;0;0;0
d;235;89;72;90;72;0;0;0;0;0;0
d;238;71;88;88;71;0;0;0;0;0;0
d;239;68;85;86;68;0;0;0;0;0;0
d;239;68;85;86;68;0;0;0;0;0;0
d;239;68;86;68;85;0;0;0;0;0;0
d;239;68;86;85;68;0;0;0;0;0;0
d;239;71;88;71;89;0;0;0;0;0;0
d;239;73;73;91;74;0;0;0;0;0;0
d;239;73;92;73;73;0;0;0;0;0;0
d;239;85;68;85;85;0;0;0;0;0;0
d;239;85;69;85;85;0;0;0;0;0;0
d;239;85;86;68;85;0;0;0;0;0;0
d;239;85;86;68;85;0;0;0;0;0;0
d;239;85;86;85;68;0;0;0;0;0;0
d;239;86;68;85;68;0;0;0;0;0;0
d;240;85;68;85;85;0;0;0;0;0;0
d;241;68;86;68;85;0;0;0;0;0;0
d;243;86;69;86;69;0;0;0;0;0;0
d;243;86;70;86;69;0;0;0;0;0;0
d;243;87;69;87;69;0;0;0;0;0;0
d;245;75;76;75;94;0;0;0;0;0;0
d;245;88;70;87;70;0;0;0;0;0;0
d;245;94;75;75;76;0;0;0;0;0;0
d;246;70;88;52;88;0;0;0;0;0;0
d;246;70;88;70;88;0;0;0;0;0;0
d;246;70;88;87;70;0;0;0;0;0;0
d;246;87;70;87;70;0;0;0;0;0;0
d;247;70;88;70;88;0;0;0;0;0;0
d;247;70;88;70;88;0;0;0;0;0;0
d;247;71;88;87;71;0;0;0;0;0;0
d;249;88;71;89;70;0;0;0;0;0;0
d;250;88;71;89;71;0;0;0;0;0;0
d;251;72;89;72;89;0;0;0;0;0;0
d;252;53;90;71;90;0;0;0;0;0;0
d;253;162;90;72;90;0;0;0;0;0;0
d;260;68;85;85;69;0;0;0;0;0;0
d;281;104;105;105;88;0;0;0;0;0;0
d;284;106;88;106;88;0;0;0;0;0;0
d;288;107;90;107;89;0;0;0;0;0;0
d;288;107;90;107;90;0;0;0;0;0;0
d;290;102;103;102;102;0;0;0;0;0;0
d;290;102;103;102;85;0;0;0;0;0;0
d;290;102;85;102;103;0;0;0;0;0;0
d;291;103;102;102;102;0;0;0;0;0;0
d;291;90;109;90;109;0;0;0;0;0;0
d;296;102;85;102;102;0;0;0;0;0;0
d;296;85;103;102;102;0;0;0;0;0;0
d;305;89;108;107;89;0;0;0;0;0;0
e;101;0;0;0;0;0;0;0;0;0;0
e;102;0;0;0;0;0;0;0;0;0;0
e;102;0;0;0;0;0;0;0;0;0;0
e;102;0;0;0;0;0;0;0;0;0;0
e;102;0;0;0;0;0;0;0;0;0;0
e;102;170;0;0;0;0;0;0;0;0;0
e;102;68;0;0;0;0;0;0;0;0;0
e;103;0;0;0;0;0;0;0;0;0;0
e;103;0;0;0;0;0;0;0;0;0;0
e;103;0;0;0;0;0;0;0;0;0;0
e;103;0;0;0;0;0;0;0;0;0;0
e;103;0;0;0;0;0;0;0;0;0;0
e;103;0;0;0;0;0;0;0;0;0;0
e;103;0;0;0;0;0;0;0;0;0;0
e;103;0;0;0;0;0;0;0;0;0;0
e;103;0;0;0;0;0;0;0;0;0;0
e;103;0;0;0;0;0;0;0;0;0;0
e;103;00;0;0;0;0;0;0;0;0
e;104;0;0;0;0;0;0;0;0;0;0
e;104;0;0;0;0;0;0;0;0;0;0
e;104;0;0;0;0;0;0;0;0;0;0
e;104;0;0;0;0;0;0;0;0;0;0
e;104;0;0;0;0;0;0;0;0;0;0
e;104;0;0;0;0;0;0;0;0;0;0
e;104;0;0;0;0;0;0;0;0;0;0
e;105;0;0;0;0;0;0;0;0;0;0
e;105;0;0;0;0;0;0;0;0;0;0
e;107;0;0;0;0;0;0;0;0;0;0
e;107;0;0;0;0;0;0;0;0;0;0
e;107;0;0;0;0;0;0;0;0;0;0
e;107;0;0;0;0;0;0;0;0;0;0
e;107;0;0;0;0;0;0;0;0;0;0
e;225;0;0;0;0;0;0;0;0;0;0
e;242;384;0;0;0;0;0;0;0;0;0
e;243;69;0;0;0;0;0;0;0;0;0
e;248;53;70;0;0;0;0;0;0;0;0
e;34;51;0;0;0;0;0;0;0;0;0
e;50;0;0;0;0;0;0;0;0;0;0
e;669;34;85;68;68;238;0;0;0;0;0
e;67;0;0;0;0;0;0;0;0;0;0
e;67;0;0;0;0;0;0;0;0;0;0
e;67;0;0;0;0;0;0;0;0;0;0
e;67;0;0;0;0;0;0;0;0;0;0
e;68;0;0;0;0;0;0;0;0;0;0
e;68;0;0;0;0;0;0;0;0;0;0
e;68;0;0;0;0;0;0;0;0;0;0
e;68;0;0;0;0;0;0;0;0;0;0
e;68;0;0;0;0;0;0;0;0;0;0
e;68;0;0;0;0;0;0;0;0;0;0
e;68;51;68;0;0;0;0;0;0;0;0
e;69;0;0;0;0;0;0;0;0;0;0
e;69;0;0;0;0;0;0;0;0;0;0
e;69;0;0;0;0;0;0;0;0;0;0
e;69;0;0;0;0;0;0;0;0;0;0
e;69;0;0;0;0;0;0;0;0;0;0
e;69;85;0;0;0;0;0;0;0;0;0
e;70;0;0;0;0;0;0;0;0;0;0
e;70;0;0;0;0;0;0;0;0;0;0
e;70;0;0;0;0;0;0;0;0;0;0
e;70;0;0;0;0;0;0;0;0;0;0
e;70;0;0;0;0;0;0;0;0;0;0
e;70;0;0;0;0;0;0;0;0;0;0
e;70;0;0;0;0;0;0;0;0;0;0
e;71;0;0;0;0;0;0;0;0;0;0
e;71;0;0;0;0;0;0;0;0;0;0
e;71;0;0;0;0;0;0;0;0;0;0
e;71;0;0;0;0;0;0;0;0;0;0
e;71;0;0;0;0;0;0;0;0;0;0
e;71;0;0;0;0;0;0;0;0;0;0
e;71;0;0;0;0;0;0;0;0;0;0
e;71;0;0;0;0;0;0;0;0;0;0
e;71;0;0;0;0;0;0;0;0;0;0
e;71;0;0;0;0;0;0;0;0;0;0
e;72;0;0;0;0;0;0;0;0;0;0
e;72;0;0;0;0;0;0;0;0;0;0
e;72;0;0;0;0;0;0;0;0;0;0
e;72;0;0;0;0;0;0;0;0;0;0
e;72;0;0;0;0;0;0;0;0;0;0
e;72;0;0;0;0;0;0;0;0;0;0
e;72;0;0;0;0;0;0;0;0;0;0
e;73;0;0;0;0;0;0;0;0;0;0
e;73;0;0;0;0;0;0;0;0;0;0
e;73;0;0;0;0;0;0;0;0;0;0
e;73;0;0;0;0;0;0;0;0;0;0
e;73;0;0;0;0;0;0;0;0;0;0
e;73;0;0;0;0;0;0;0;0;0;0
e;74;0;0;0;0;0;0;0;0;0;0
e;74;0;0;0;0;0;0;0;0;0;0
e;74;0;0;0;0;0;0;0;0;0;0
e;74;0;0;0;0;0;0;0;0;0;0
e;74;0;0;0;0;0;0;0;0;0;0
e;75;0;0;0;0;0;0;0;0;0;0
e;76;0;0;0;0;0;0;0;0;0;0
e;77;0;0;0;0;0;0;0;0;0;0
e;80;0;0;0;0;0;0;0;0;0;0
e;81;0;0;0;0;0;0;0;0;0;0
e;83;0;0;0;0;0;0;0;0;0;0
e;84;0;0;0;0;0;0;0;0;0;0
e;85;0;0;0;0;0;0;0;0;0;0
e;85;0;0;0;0;0;0;0;0;0;0
e;85;0;0;0;0;0;0;0;0;0;0
e;85;0;0;0;0;0;0;0;0;0;0
e;85;0;0;0;0;0;0;0;0;0;0
e;85;0;0;0;0;0;0;0;0;0;0
e;85;0;0;0;0;0;0;0;0;0;0
e;85;0;0;0;0;0;0;0;0;0;0
e;85;0;0;0;0;0;0;0;0;0;0
e;85;0;0;0;0;0;0;0;0;0;0
e;85;0;0;0;0;0;0;0;0;0;0
e;85;0;0;0;0;0;0;0;0;0;0
e;85;0;0;0;0;0;0;0;0;0;0
e;85;0;0;0;0;0;0;0;0;0;0
e;85;0;0;0;0;0;0;0;0;0;0
e;85;0;0;0;0;0;0;0;0;0;0
e;85;0;0;0;0;0;0;0;0;0;0
e;85;0;0;0;0;0;0;0;0;0;0
e;85;0;0;0;0;0;0;0;0;0;0
e;86;0;0;0;0;0;0;0;0;0;0
e;86;0;0;0;0;0;0;0;0;0;0
e;86;0;0;0;0;0;0;0;0;0;0
e;86;0;0;0;0;0;0;0;0;0;0
e;86;0;0;0;0;0;0;0;0;0;0
e;86;0;0;0;0;0;0;0;0;0;0
e;86;0;0;0;0;0;0;0;0;0;0
e;86;0;0;0;0;0;0;0;0;0;0
e;86;0;0;0;0;0;0;0;0;0;0
e;86;0;0;0;0;0;0;0;0;0;0
e;86;0;0;0;0;0;0;0;0;0;0
e;86;0;0;0;0;0;0;0;0;0;0
e;86;0;0;0;0;0;0;0;0;0;0
e;86;0;0;0;0;0;0;0;0;0;0
e;86;0;0;0;0;0;0;0;0;0;0
e;86;0;0;0;0;0;0;0;0;0;0
e;87;0;0;0;0;0;0;0;0;0;0
e;87;0;0;0;0;0;0;0;0;0;0
e;87;0;0;0;0;0;0;0;0;0;0
e;87;0;0;0;0;0;0;0;0;0;0
e;87;0;0;0;0;0;0;0;0;0;0
e;87;0;0;0;0;0;0;0;0;0;0
e;87;0;0;0;0;0;0;0;0;0;0
e;87;0;0;0;0;0;0;0;0;0;0
e;87;0;0;0;0;0;0;0;0;0;0
e;87;0;0;0;0;0;0;0;0;0;0
e;87;0;0;0;0;0;0;0;0;0;0
e;87;0;0;0;0;0;0;0;0;0;0
e;87;0;0;0;0;0;0;0;0;0;0
e;87;0;0;0;0;0;0;0;0;0;0
e;87;0;0;0;0;0;0;0;0;0;0
e;87;0;0;0;0;0;0;0;0;0;0
e;87;0;0;0;0;0;0;0;0;0;0
e;87;0;0;0;0;0;0;0;0;0;0
e;87;0;0;0;0;0;0;0;0;0;0
e;87;0;0;0;0;0;0;0;0;0;0
e;87;0;0;0;0;0;0;0;0;0;0
e;87;0;0;0;0;0;0;0;0;0;0
e;87;0;0;0;0;0;0;0;0;0;0
e;87;0;0;0;0;0;0;0;0;0;0
e;87;0;0;0;0;0;0;0;0;0;0
e;87;0;0;0;0;0;0;0;0;0;0
e;87;0;0;0;0;0;0;0;0;0;0
e;87;0;0;0;0;0;0;0;0;0;0
e;87;0;0;0;0;0;0;0;0;0;0
e;87;0;0;0;0;0;0;0;0;0;0
e;87;0;0;0;0;0;0;0;0;0;0
e;87;0;0;0;0;0;0;0;0;0;0
e;88;0;0;0;0;0;0;0;0;0;0
e;88;0;0;0;0;0;0;0;0;0;0
e;88;0;0;0;0;0;0;0;0;0;0
e;88;0;0;0;0;0;0;0;0;0;0
e;88;0;0;0;0;0;0;0;0;0;0
e;88;0;0;0;0;0;0;0;0;0;0
e;88;0;0;0;0;0;0;0;0;0;0
e;88;0;0;0;0;0;0;0;0;0;0
e;88;0;0;0;0;0;0;0;0;0;0
e;88;0;0;0;0;0;0;0;0;0;0
e;88;0;0;0;0;0;0;0;0;0;0
e;88;0;0;0;0;0;0;0;0;0;0
e;88;0;0;0;0;0;0;0;0;0;0
e;88;0;0;0;0;0;0;0;0;0;0
e;88;0;0;0;0;0;0;0;0;0;0
e;88;0;0;0;0;0;0;0;0;0;0
e;88;0;0;0;0;0;0;0;0;0;0
e;88;0;0;0;0;0;0;0;0;0;0
e;88;0;0;0;0;0;0;0;0;0;0
e;88;0;0;0;0;0;0;0;0;0;0
e;88;0;0;0;0;0;0;0;0;0;0
e;88;0;0;0;0;0;0;0;0;0;0
e;88;0;0;0;0;0;0;0;0;0;0
e;88;0;0;0;0;0;0;0;0;0;0
e;89;0;0;0;0;0;0;0;0;0;0
e;89;0;0;0;0;0;0;0;0;0;0
e;89;0;0;0;0;0;0;0;0;0;0
e;89;0;0;0;0;0;0;0;0;0;0
e;89;0;0;0;0;0;0;0;0;0;0
e;89;0;0;0;0;0;0;0;0;0;0
e;89;0;0;0;0;0;0;0;0;0;0
e;89;0;0;0;0;0;0;0;0;0;0
e;89;0;0;0;0;0;0;0;0;0;0
e;89;0;0;0;0;0;0;0;0;0;0
e;89;0;0;0;0;0;0;0;0;0;0
e;89;0;0;0;0;0;0;0;0;0;0
e;89;0;0;0;0;0;0;0;0;0;0
e;89;0;0;0;0;0;0;0;0;0;0
e;89;0;0;0;0;0;0;0;0;0;0
e;89;0;0;0;0;0;0;0;0;0;0
e;89;0;0;0;0;0;0;0;0;0;0
e;89;0;0;0;0;0;0;0;0;0;0
e;89;0;0;0;0;0;0;0;0;0;0
e;89;0;0;0;0;0;0;0;0;0;0
e;89;0;0;0;0;0;0;0;0;0;0
e;89;0;0;0;0;0;0;0;0;0;0
e;89;0;0;0;0;0;0;0;0;0;0
e;89;0;0;0;0;0;0;0;0;0;0
e;89;0;0;0;0;0;0;0;0;0;0
e;89;0;0;0;0;0;0;0;0;0;0
e;89;0;0;0;0;0;0;0;0;0;0
e;89;0;0;0;0;0;0;0;0;0;0
e;89;0;0;0;0;0;0;0;0;0;0
e;89;0;0;0;0;0;0;0;0;0;0
e;89;0;0;0;0;0;0;0;0;0;0
e;89;0;0;0;0;0;0;0;0;0;0
e;89;0;0;0;0;0;0;0;0;0;0
e;89;0;0;0;0;0;0;0;0;0;0
e;89;0;0;0;0;0;0;0;0;0;0
e;89;0;0;0;0;0;0;0;0;0;0
e;89;0;0;0;0;0;0;0;0;0;0
e;89;0;0;0;0;0;0;0;0;0;0
e;89;0;0;0;0;0;0;0;0;0;0
e;89;0;0;0;0;0;0;0;0;0;0
e;89;0;0;0;0;0;0;0;0;0;0
e;89;0;0;0;0;0;0;0;0;0;0
e;89;0;0;0;0;0;0;0;0;0;0
e;89;0;0;0;0;0;0;0;0;0;0
e;89;0;0;0;0;0;0;0;0;0;0
e;89;0;0;0;0;0;0;0;0;0;0
e;89;0;0;0;0;0;0;0;0;0;0
e;89;0;0;0;0;0;0;0;0;0;0
e;89;0;0;0;0;0;0;0;0;0;0
e;89;0;0;0;0;0;0;0;0;0;0
e;90;0;0;0;0;0;0;0;0;0;0
e;90;0;0;0;0;0;0;0;0;0;0
e;90;0;0;0;0;0;0;0;0;0;0
e;90;0;0;0;0;0;0;0;0;0;0
e;90;0;0;0;0;0;0;0;0;0;0
e;90;0;0;0;0;0;0;0;0;0;0
e;90;0;0;0;0;0;0;0;0;0;0
e;90;0;0;0;0;0;0;0;0;0;0
e;90;0;0;0;0;0;0;0;0;0;0
e;90;0;0;0;0;0;0;0;0;0;0
e;90;0;0;0;0;0;0;0;0;0;0
e;90;0;0;0;0;0;0;0;0;0;0
e;90;0;0;0;0;0;0;0;0;0;0
e;90;0;0;0;0;0;0;0;0;0;0
e;90;0;0;0;0;0;0;0;0;0;0
e;90;0;0;0;0;0;0;0;0;0;0
e;90;0;0;0;0;0;0;0;0;0;0
e;90;0;0;0;0;0;0;0;0;0;0
e;90;0;0;0;0;0;0;0;0;0;0
e;90;0;0;0;0;0;0;0;0;0;0
e;90;0;0;0;0;0;0;0;0;0;0
e;90;0;0;0;0;0;0;0;0;0;0
e;91;0;0;0;0;0;0;0;0;0;0
e;91;0;0;0;0;0;0;0;0;0;0
e;91;0;0;0;0;0;0;0;0;0;0
e;91;0;0;0;0;0;0;0;0;0;0
e;91;0;0;0;0;0;0;0;0;0;0
e;91;0;0;0;0;0;0;0;0;0;0
e;91;0;0;0;0;0;0;0;0;0;0
e;91;0;0;0;0;0;0;0;0;0;0
e;91;0;0;0;0;0;0;0;0;0;0
e;91;0;0;0;0;0;0;0;0;0;0
e;92;0;0;0;0;0;0;0;0;0;0
e;92;0;0;0;0;0;0;0;0;0;0
e;92;0;0;0;0;0;0;0;0;0;0
e;92;0;0;0;0;0;0;0;0;0;0
e;92;0;0;0;0;0;0;0;0;0;0
e;92;0;0;0;0;0;0;0;0;0;0
e;93;0;0;0;0;0;0;0;0;0;0
e;93;0;0;0;0;0;0;0;0;0;0
e;93;0;0;0;0;0;0;0;0;0;0
e;93;0;0;0;0;0;0;0;0;0;0
e;93;0;0;0;0;0;0;0;0;0;0
e;93;0;0;0;0;0;0;0;0;0;0
e;93;0;0;0;0;0;0;0;0;0;0
e;93;0;0;0;0;0;0;0;0;0;0
e;93;0;0;0;0;0;0;0;0;0;0
e;93;0;0;0;0;0;0;0;0;0;0
e;94;0;0;0;0;0;0;0;0;0;0
e;94;0;0;0;0;0;0;0;0;0;0
e;96;0;0;0;0;0;0;0;0;0;0
e;98;0;0;0;0;0;0;0;0;0;0
f;102;34;85;51;238;51;51;102;0;0;0
f;104;103;104;86;294;103;104;0;0;0;0
f;104;103;104;86;295;103;104;0;0;0;0
f;104;103;86;104;293;104;103;0;0;0;0
f;106;104;88;139;298;87;105;0;0;0;0
f;107;106;88;141;302;88;106;0;0;0;0
f;107;88;107;106;283;106;89;0;0;0;0
f;68;68;85;69;238;68;86;0;0;0;0
f;68;85;68;86;238;86;85;0;0;0;0
f;68;85;85;68;239;85;85;0;0;0;0
f;68;85;85;68;240;85;85;0;0;0;0
f;68;85;85;69;239;85;85;0;0;0;0
f;68;85;85;85;222;85;85;0;0;0;0
f;69;69;86;69;241;69;86;0;0;0;0
f;69;85;68;85;239;85;85;0;0;0;0
f;69;85;68;85;239;85;86;0;0;0;0
f;69;85;85;68;239;85;85;0;0;0;0
f;69;85;85;68;239;85;86;0;0;0;0
f;69;85;85;68;240;85;85;0;0;0;0
f;70;70;87;70;226;70;87;0;0;0;0
f;70;87;70;88;245;87;70;0;0;0;0
f;70;88;70;88;229;87;88;0;0;0;0
f;70;88;70;88;246;70;88;0;0;0;0
f;70;88;70;88;246;70;88;0;0;0;0
f;70;88;70;88;246;87;71;0;0;0;0
f;70;88;87;70;245;88;70;0;0;0;0
f;71;71;88;71;230;70;89;0;0;0;0
f;71;87;71;87;229;88;88;0;0;0;0
f;71;93;71;81;235;89;87;0;0;0;0
f;72;88;71;88;249;70;89;0;0;0;0
f;73;72;91;54;236;72;90;0;0;0;0
f;74;91;73;90;238;72;91;0;0;0;0
f;74;91;74;73;238;92;73;0;0;0;0
f;77;85;68;85;239;84;86;0;0;0;0
f;83;67;83;67;234;67;100;0;0;0;0
f;83;67;83;84;234;83;84;0;0;0;0
f;83;84;67;83;235;83;84;0;0;0;0
f;84;83;67;83;251;84;66;0;0;0;0
f;85;68;84;68;237;67;85;0;0;0;0
f;85;68;85;85;239;85;68;0;0;0;0
f;85;68;85;85;239;86;68;0;0;0;0
f;85;68;86;68;221;68;86;0;0;0;0
f;85;68;86;85;239;85;68;0;0;0;0
f;85;68;86;85;239;85;68;0;0;0;0
f;85;68;86;85;239;85;69;0;0;0;0
f;85;85;68;85;238;85;68;0;0;0;0
f;85;85;68;85;239;85;68;0;0;0;0
f;85;85;69;85;238;85;68;0;0;0;0
f;85;85;69;85;239;85;85;0;0;0;0
f;86;68;85;85;239;85;68;0;0;0;0
f;86;68;85;85;239;85;69;0;0;0;0
f;86;69;87;68;242;69;69;0;0;0;0
f;86;69;87;69;241;69;87;0;0;0;0
f;86;85;68;85;239;85;68;0;0;0;0
f;86;85;68;85;239;85;68;0;0;0;0
f;86;85;68;85;240;85;68;0;0;0;0
f;87;103;104;120;294;86;104;0;0;0;0
f;87;103;104;86;293;104;104;0;0;0;0
f;87;103;104;86;295;103;104;0;0;0;0
f;87;68;85;68;239;68;85;0;0;0;0
f;87;69;86;69;224;69;87;0;0;0;0
f;87;69;87;69;226;87;86;0;0;0;0
f;87;70;87;70;227;70;87;0;0;0;0
f;87;86;69;87;242;68;87;0;0;0;0
f;88;70;88;70;246;88;70;0;0;0;0
f;89;70;89;70;248;71;89;0;0;0;0
f;90;106;88;124;284;106;89;0;0;0;0
f;90;70;88;70;246;88;70;0;0;0;0
f;90;71;89;72;233;89;71;0;0;0;0
f;90;71;90;71;233;90;71;0;0;0;0
f;90;71;90;71;251;72;89;0;0;0;0
f;91;73;73;91;237;91;73;0;0;0;0
f;94;104;86;103;310;86;103;0;0;0;0
f;95;70;88;70;246;87;70;0;0;0;0
g;228;70;227;70;87;0;0;0;0;0;0
g;229;68;239;68;86;0;0;0;0;0;0
g;240;85;239;85;69;0;0;0;0;0;0
g;240;85;239;86;68;0;0;0;0;0;0
g;245;88;228;87;70;0;0;0;0;0;0
g;249;68;239;85;85;0;0;0;0;0;0
g;249;71;248;88;71;0;0;0;0;0;0
g;250;88;232;89;71;0;0;0;0;0;0
g;254;87;227;88;70;0;0;0;0;0;0
g;283;68;253;69;91;0;0;0;0;0;0
h;102;102;85;102;103;102;102;0;0;0;0
h;103;102;85;103;102;102;103;0;0;0;0
h;106;106;89;123;106;89;106;0;0;0;0
h;111;189;104;206;104;154;87;0;0;0;0
h;68;85;86;85;68;85;69;0;0;0;0
h;70;88;70;87;88;70;88;0;0;0;0
h;72;89;72;72;71;90;71;72;0;0;0
h;72;89;72;89;72;89;72;0;0;0;0
h;74;92;74;92;74;73;92;0;0;0;0
h;74;92;74;92;74;73;92;0;0;0;0
h;75;93;74;75;75;92;75;0;0;0;0
h;79;88;88;70;88;70;88;0;0;0;0
h;84;83;67;84;83;84;83;0;0;0;0
h;85;204;86;204;85;170;85;0;0;0;0
h;85;68;86;68;85;68;85;0;0;0;0
h;86;68;85;85;69;85;85;0;0;0;0
h;89;87;71;87;71;88;70;0;0;0;0
h;90;54;89;72;89;72;71;0;0;0;0
h;92;74;74;92;73;74;92;0;0;0;0
h;93;75;93;74;75;93;74;0;0;0;0
i;102;34;68;0;0;0;0;0;0;0;0
i;105;87;105;0;0;0;0;0;0;0;0
i;106;88;106;0;0;0;0;0;0;0;0
i;107;88;106;0;0;0;0;0;0;0;0
i;107;88;106;0;0;0;0;0;0;0;0
i;242;68;289;238;0;0;0;0;0;0;0
i;247;88;230;88;0;0;0;0;0;0;0
i;51;50;34;0;0;0;0;0;0;0;0
i;68;85;85;0;0;0;0;0;0;0;0
i;70;70;88;0;0;0;0;0;0;0;0
i;71;88;71;0;0;0;0;0;0;0;0
i;71;88;89;0;0;0;0;0;0;0;0
i;72;72;89;0;0;0;0;0;0;0;0
i;72;89;72;0;0;0;0;0;0;0;0
i;72;90;71;0;0;0;0;0;0;0;0
i;72;90;71;0;0;0;0;0;0;0;0
i;73;89;72;0;0;0;0;0;0;0;0
i;73;90;72;0;0;0;0;0;0;0;0
i;73;90;73;0;0;0;0;0;0;0;0
i;73;91;73;0;0;0;0;0;0;0;0
i;73;91;73;0;0;0;0;0;0;0;0
i;74;91;73;0;0;0;0;0;0;0;0
i;74;92;74;0;0;0;0;;0;0;0
i;74;92;74;0;0;0;0;0;0;0;0
i;85;102;102;0;0;0;0;0;0;0;0
i;85;67;85;0;0;0;0;0;0;0;0
i;85;69;85;0;0;0;0;0;0;0;0
i;85;85;84;0;0;0;0;0;0;0;0
i;86;69;85;0;0;0;0;0;0;0;0
i;86;86;68;0;0;0;0;0;0;0;0
i;86;86;86;0;0;0;0;0;0;0;0
i;87;103;103;35;0;0;0;0;0;0;0
i;87;69;70;0;0;0;0;0;0;0;0
i;87;69;87;0;0;0;0;0;0;0;0
i;87;69;87;0;0;0;0;0;0;0;0
i;87;86;69;0;0;0;0;0;0;0;0
i;87;86;70;0;0;0;0;0;0;0;0
i;87;86;86;0;0;0;0;0;0;0;0
i;87;87;69;0;0;0;0;0;0;0;0
i;88;52;88;0;0;0;0;0;0;0;0
i;88;68;84;0;0;0;0;0;0;0;0
i;88;69;88;0;0;0;0;0;0;0;0
i;88;70;88;0;0;0;0;0;0;0;0
i;88;86;70;0;0;0;0;0;0;0;0
i;88;87;70;0;0;0;0;0;0;0;0
i;88;87;71;0;0;0;0;0;0;0;0
i;89;102;102;0;0;0;0;0;0;0;0
i;89;106;106;0;0;0;0;0;0;0;0
i;89;71;89;0;0;0;0;0;0;0;0
i;89;71;89;0;0;0;0;0;0;0;0
i;89;88;71;0;0;0;0;0;0;0;0
i;89;89;70;0;0;0;0;0;0;0;0
i;90;107;90;0;0;0;0;0;0;0;0
i;90;108;89;0;0;0;0;0;0;0;0
i;90;71;90;0;0;0;0;0;0;0;0
i;90;72;89;0;0;0;0;0;0;0;0
i;90;72;89;0;0;0;0;0;0;0;0
i;90;72;90;0;0;0;0;0;0;0;0
i;90;73;90;0;0;0;0;0;0;0;0
i;90;89;72;0;0;0;0;0;0;0;0
i;90;90;71;0;0;0;0;0;0;0;0
i;91;163;91;0;0;0;0;0;0;0;0
i;91;71;90;0;0;0;0;0;0;0;0
i;91;71;91;0;0;0;0;0;0;0;0
i;91;91;73;0;0;0;0;0;0;0;0
i;92;72;73;0;0;0;0;0;0;0;0
i;92;91;73;0;0;0;0;0;0;0;0
i;93;73;92;0;0;0;0;0;0;0;0
i;93;73;93;0;0;0;0;0;0;0;0
i;93;74;73;0;0;0;0;0;0;0;0
i;98;107;90;0;0;0;0;0;0;0;0
i;98;65;81;0;0;0;0;0;0;0;0
j;70;69;243;69;226;69;243;0;0;0;0
j;70;88;229;87;229;88;246;0;0;0;0
j;71;89;231;89;232;88;232;0;0;0;0
j;72;70;248;53;248;71;230;0;0;0;0
j;72;91;235;91;235;73;235;0;0;0;0
j;75;93;224;93;224;93;243;0;0;0;0
j;85;102;291;102;308;85;307;0;0;0;0
j;88;70;247;87;229;88;229;0;0;0;0
j;89;70;230;71;229;71;229;0;0;0;0
j;89;71;230;70;231;70;248;0;0;0;0
j;89;71;250;71;249;71;249;0;0;0;0
j;89;88;230;89;230;88;230;0;0;0;0
j;97;71;249;71;249;71;249;0;0;0;0
k;233;89;72;89;233;0;0;0;0;0;0
k;233;90;71;90;233;0;0;0;0;0;0
k;234;71;90;72;251;0;0;0;0;0;0
k;234;89;72;89;233;0;0;0;0;0;0
k;234;89;72;89;233;0;0;0;0;0;0
k;236;73;90;54;236;0;0;0;0;0;0
k;239;88;70;88;229;0;0;0;0;0;0
k;240;74;74;92;239;0;0;0;0;0;0
k;241;73;92;74;240;0;0;0;0;0;0
k;242;89;71;90;233;0;0;0;0;0;0
k;244;69;87;86;226;0;0;0;0;0;0
k;245;67;83;67;234;0;0;0;0;0;0
k;245;70;87;53;245;0;0;0;0;0;0
k;246;67;83;67;234;0;0;0;0;0;0
k;248;71;70;71;248;0;0;0;0;0;0
k;248;71;88;71;248;0;0;0;0;0;0
k;248;86;85;68;239;0;0;0;0;0;0
k;248;88;71;89;230;0;0;0;0;0;0
k;249;85;69;85;239;0;0;0;0;0;0
k;252;71;72;89;234;0;0;0;0;0;0
k;255;73;73;91;237;0;0;0;0;0;0
k;258;70;88;70;246;0;0;0;0;0;0
k;286;102;102;102;290;0;0;0;0;0;0
k;291;102;102;102;290;0;0;0;0;0;0
k;291;102;103;102;290;0;0;0;0;0;0
k;291;102;103;85;308;0;0;0;0;0;0
k;298;103;85;102;291;0;0;0;0;0;0
k;302;105;89;106;301;0;0;0;0;0;0
k;302;88;106;89;301;0;0;0;0;0;0
k;307;85;103;102;290;0;0;0;0;0;0
l;102;102;291;102;85;102;102;0;0;0;0
l;102;85;307;85;102;102;102;0;0;0;0
l;104;103;277;103;104;103;87;0;0;0;0
l;104;104;294;103;87;103;104;0;0;0;0
l;108;89;305;89;107;90;107;0;0;0;0
l;68;68;239;68;85;68;86;0;0;0;0
l;68;85;240;85;68;86;85;0;0;0;0
l;69;68;239;69;85;68;86;0;0;0;0
l;69;85;239;85;69;85;85;0;0;0;0
l;70;70;245;70;70;69;88;0;0;0;0
l;70;88;245;70;87;70;88;0;0;0;0
l;70;88;245;70;87;70;88;0;0;0;0
l;71;88;229;88;87;71;88;0;0;0;0
l;72;88;232;89;71;89;71;0;0;0;0
l;72;90;235;89;73;89;72;0;0;0;0
l;73;72;254;72;73;90;73;0;0;0;0
l;73;90;234;90;72;90;72;0;0;0;0
l;74;92;240;73;74;92;74;0;0;0;0
l;75;91;240;74;92;73;74;0;0;0;0
l;78;88;245;87;70;87;70;0;0;0;0
l;84;83;234;84;83;83;67;0;0;0;0
l;85;68;239;68;85;68;86;0;0;0;0
l;85;68;239;85;86;85;68;0;0;0;0
l;85;68;239;85;86;85;68;0;0;0;0
l;85;69;239;85;85;68;85;0;0;0;0
l;85;85;239;85;68;85;85;0;0;0;0
l;86;68;239;68;86;68;85;0;0;0;0
l;86;69;239;68;86;68;86;0;0;0;0
l;86;85;238;68;86;85;68;0;0;0;0
l;86;85;239;68;86;85;68;0;0;0;0
l;86;86;242;86;70;86;69;0;0;0;0
l;87;102;307;85;103;102;102;0;0;0;0
l;87;86;225;86;86;69;86;0;0;0;0
l;87;86;243;69;86;86;69;0;0;0;0
l;88;70;245;87;70;87;70;0;0;0;0
l;88;70;245;87;70;87;70;0;0;0;0
l;88;70;245;87;70;88;70;0;0;0;0
l;88;70;245;87;71;87;70;0;0;0;0
l;88;87;229;88;70;88;70;0;0;0;0
l;89;71;248;71;88;71;89;0;0;0;0
l;89;88;231;88;71;89;71;0;0;0;0
l;90;71;233;72;71;72;89;0;0;0;0
l;90;71;234;89;72;89;72;0;0;0;0
l;90;71;252;160;72;90;71;0;0;0;0
l;90;90;233;89;72;89;72;0;0;0;0
l;91;71;235;90;72;89;72;0;0;0;0
l;91;72;234;90;72;90;72;0;0;0;0
l;91;72;236;54;91;72;72;0;0;0;0
l;91;73;236;90;72;91;72;0;0;0;0
l;93;73;240;92;74;73;93;0;0;0;0
l;93;74;240;92;73;74;74;0;0;0;0
m;224;68;239;0;0;0;0;0;0;0;0
m;228;88;229;0;0;0;0;0;0;0;0
m;228;88;229;0;0;0;0;0;0;0;0
m;228;88;229;0;0;0;0;0;0;0;0
m;229;88;246;0;0;0;0;0;0;0;0
m;231;70;230;0;0;0;0;0;0;0;0
m;231;71;231;0;0;0;0;0;0;0;0
m;233;52;242;0;0;0;0;0;0;0;0
m;233;68;239;0;0;0;0;0;0;0;0
m;234;67;234;0;0;0;0;0;0;0;0
m;239;68;239;0;0;0;0;0;0;0;0
m;239;89;231;0;0;0;0;0;0;0;0
m;241;85;239;0;0;0;0;0;0;0;0
m;241;85;239;0;0;0;0;0;0;0;0
m;241;85;239;0;0;0;0;0;0;0;0
m;241;85;240;0;0;0;0;0;0;0;0
m;242;68;239;0;0;0;0;0;0;0;0
m;242;85;239;0;0;0;0;0;0;0;0
m;245;70;227;0;0;0;0;0;0;0;0
m;246;70;247;0;0;0;0;0;0;0;0
m;248;70;246;0;0;0;0;0;0;0;0
m;256;83;235;0;0;0;0;0;0;0;0
m;256;84;234;0;0;0;0;0;0;0;0
m;258;74;240;0;0;0;0;0;0;0;0
m;295;102;290;0;0;0;0;0;0;0;0
m;299;85;291;0;0;0;0;;0;0;0
m;308;102;290;0;0;0;0;0;0;0;0
n;121;33;63;0;0;0;0;0;0;0;0
n;185;70;35;34;0;0;0;0;0;0;0
n;193;70;85;0;0;0;0;0;0;0;0
n;200;72;88;0;0;0;0;0;0;0;0
n;227;72;90;0;0;0;0;0;0;0;0
n;228;70;88;0;0;0;0;0;0;0;0
n;228;70;88;0;0;0;0;0;0;0;0
n;229;67;83;0;0;0;0;0;0;0;0
n;230;87;88;0;0;0;0;0;0;0;0
n;231;88;71;0;0;0;0;0;0;0;0
n;231;88;89;0;0;0;0;0;0;0;0
n;231;88;89;0;0;0;0;0;0;0;0
n;233;85;85;0;0;0;0;0;0;0;0
n;233;85;85;0;0;0;0;0;0;0;0
n;235;68;85;0;0;0;0;0;0;0;0
n;235;87;88;0;0;0;0;0;0;0;0
n;235;89;72;0;0;0;0;0;0;0;0
n;235;90;72;0;0;0;0;0;0;0;0
n;236;67;83;0;0;0;0;0;0;0;0
n;236;84;83;0;0;0;0;0;0;0;0
n;236;90;72;0;0;0;0;0;0;0;0
n;237;73;91;0;0;0;0;0;0;0;0
n;237;83;84;0;0;0;0;0;0;0;0
n;237;90;73;0;0;0;0;0;0;0;0
n;237;90;73;0;0;0;0;0;0;0;0
n;237;91;73;0;0;0;0;0;0;0;0
n;238;84;85;0;0;0;0;0;0;0;0
n;238;91;73;0;0;0;0;0;0;0;0
n;239;83;84;0;0;0;0;0;0;0;0
n;239;85;69;0;0;0;0;0;0;0;0
n;239;85;85;0;0;0;0;0;0;0;0
n;240;86;68;0;0;0;0;0;0;0;0
n;241;70;88;0;0;0;0;0;0;0;0
n;241;88;70;0;0;0;0;0;0;0;0
n;242;85;68;0;0;0;0;0;0;0;0
n;242;85;68;0;0;0;0;0;0;0;0
n;242;87;71;0;0;0;0;0;0;0;0
n;242;93;74;0;0;0;0;0;0;0;0
n;243;74;75;0;0;0;0;0;0;0;0
n;243;85;68;0;0;0;0;0;0;0;0
n;244;68;85;0;0;0;0;0;0;0;0
n;245;70;87;0;0;0;0;0;0;0;0
n;245;85;68;0;0;0;0;0;0;0;0
n;245;85;86;0;0;0;0;0;0;0;0
n;245;85;86;0;0;0;0;0;0;0;0
n;245;88;70;0;0;0;0;0;0;0;0
n;246;69;88;0;0;0;0;0;0;0;0
n;246;70;88;0;0;0;0;0;0;0;0
n;246;73;91;0;0;0;0;0;0;0;0
n;246;83;67;0;0;0;0;0;0;0;0
n;246;87;70;0;0;0;0;0;0;0;0
n;246;87;70;0;0;0;0;0;0;0;0
n;246;87;70;0;0;0;0;0;0;0;0
n;246;87;70;0;0;0;0;0;0;0;0
n;246;87;88;0;0;0;0;0;0;0;0
n;248;71;88;0;0;0;0;0;0;0;0
n;248;84;66;0;0;0;0;0;0;0;0
n;248;85;68;0;0;0;0;0;0;0;0
n;249;71;89;0;0;0;0;0;0;0;0
n;250;68;85;0;0;0;0;0;0;0;0
n;250;82;85;0;0;0;0;0;0;0;0
n;250;85;68;0;0;0;0;0;0;0;0
n;251;67;84;0;0;0;0;0;0;0;0
n;251;83;67;0;0;0;0;0;0;0;0
n;251;85;68;0;0;0;0;0;0;0;0
n;251;85;69;0;0;0;0;0;0;0;0
n;252;85;68;0;0;0;0;0;0;0;0
n;253;72;72;0;0;0;0;0;0;0;0
n;253;85;68;0;0;0;0;0;0;0;0
n;254;85;67;0;0;0;0;0;0;0;0
n;254;91;72;0;0;0;0;0;0;0;0
n;255;72;91;0;0;0;0;0;0;0;0
n;256;73;91;0;0;0;0;0;0;0;0
n;258;68;85;0;0;0;0;0;0;0;0
n;258;70;88;0;0;0;0;0;0;0;0
n;258;85;68;0;0;0;0;0;0;0;0
n;280;105;105;0;0;0;0;0;0;0;0
n;283;106;88;0;0;0;0;0;0;0;0
n;284;106;106;0;0;0;0;0;0;0;0
n;290;102;103;0;0;0;0;0;0;0;0
n;290;102;86;0;0;0;0;0;0;0;0
n;290;102;86;0;0;0;0;0;0;0;0
n;291;102;103;0;0;0;0;0;0;0;0
n;291;102;103;0;0;0;0;0;0;0;0
n;291;102;86;0;0;0;0;0;0;0;0
n;291;108;91;0;0;0;0;0;0;0;0
n;291;90;109;0;0;0;0;0;0;0;0
n;292;102;102;0;0;0;0;0;0;0;0
n;298;102;85;0;0;0;0;0;0;0;0
n;298;104;88;0;0;0;0;0;0;0;0
n;298;105;105;0;0;0;0;0;0;0;0
n;298;87;105;0;0;0;0;0;0;0;0
n;299;87;105;0;0;0;0;0;0;0;0
n;301;88;106;0;0;0;0;0;0;0;0
n;301;89;106;0;0;0;0;0;0;0;0
n;302;106;88;0;0;0;0;0;0;0;0
n;302;106;89;0;0;0;0;0;0;0;0
n;307;85;102;0;0;0;0;0;0;0;0
o;225;69;243;69;225;0;0;0;0;0;0
o;226;68;242;69;225;0;0;0;0;0;0
o;228;87;245;87;227;0;0;0;0;0;0
o;229;70;246;70;229;0;0;0;0;0;0
o;229;85;239;85;239;0;0;0;0;0;0
o;231;85;239;85;240;0;0;0;0;0;0
o;231;85;240;85;239;0;0;0;0;0;0
o;231;88;249;70;248;0;0;0;0;0;0
o;231;89;231;88;232;0;0;0;0;0;0
o;232;88;232;89;231;0;0;0;0;0;0
o;233;71;233;54;250;0;0;0;0;0;0
o;234;71;233;71;233;0;0;0;0;0;0
o;234;85;239;85;240;0;0;0;0;0;0
o;234;90;233;89;234;0;0;0;0;0;0
o;235;66;235;66;234;0;0;0;0;0;0
o;235;84;234;83;234;0;0;0;0;0;0
o;235;90;234;90;235;0;0;0;0;0;0
o;236;70;228;70;245;0;0;0;0;0;0
o;236;90;236;73;236;0;0;0;0;0;0
o;236;90;236;90;236;0;0;0;0;0;0
o;237;68;237;67;237;0;0;0;0;0;0
o;237;85;237;85;237;0;0;0;0;0;0
o;237;91;238;72;237;0;0;0;0;0;0
o;238;84;238;84;238;0;0;0;0;0;0
o;239;68;222;68;239;0;0;0;0;0;0
o;239;68;238;68;239;0;0;0;0;0;0
o;239;84;234;83;234;0;0;0;0;0;0
o;239;85;239;85;239;0;0;0;0;0;0
o;239;85;240;68;239;0;0;0;0;0;0
o;240;70;247;87;229;0;0;0;0;0;0
o;240;85;239;68;239;0;0;0;0;0;0
o;243;67;237;67;237;0;0;0;0;0;0
o;243;68;239;85;239;0;0;0;0;0;0
o;243;69;224;69;242;0;0;0;0;0;0
o;243;85;239;85;222;0;0;0;0;0;0
o;243;86;225;86;242;0;0;0;0;0;0
o;243;86;242;87;225;0;0;0;0;0;0
o;243;87;243;69;243;0;0;0;0;0;0
o;244;69;225;69;243;0;0;0;0;0;0
o;244;85;239;85;239;0;0;0;0;0;0
o;244;86;239;68;239;0;0;0;0;0;0
o;245;67;234;66;235;0;0;0;0;0;0
o;245;70;245;88;227;0;0;0;0;0;0
o;245;85;240;85;239;0;0;0;0;0;0
o;246;52;245;70;227;0;0;0;0;0;0
o;246;70;245;87;228;0;0;0;0;0;0
o;246;83;251;83;234;0;0;0;0;0;0
o;246;85;239;85;239;0;0;0;0;0;0
o;246;85;240;85;239;0;0;0;0;0;0
o;247;85;239;85;239;0;0;0;0;0;0
o;247;85;240;85;239;0;0;0;0;0;0
o;247;87;229;88;246;0;0;0;0;0;0
o;247;88;228;88;228;0;0;0;0;0;0
o;248;85;222;85;239;0;0;0;0;0;0
o;248;85;239;69;239;0;0;0;0;0;0
o;249;88;231;88;231;0;0;0;0;0;0
o;250;71;249;71;249;0;0;0;0;0;0
o;250;85;239;68;240;0;0;0;0;0;0
o;251;54;250;54;232;0;0;0;0;0;0
o;251;72;251;71;252;0;0;0;0;0;0
o;253;72;252;72;234;0;0;0;0;0;0
o;253;72;252;72;234;0;0;0;0;0;0
o;253;72;252;72;234;0;0;0;0;0;0
o;256;70;247;87;229;0;0;0;0;0;0
o;258;68;239;85;239;0;0;0;0;0;0
o;258;70;246;88;229;0;0;0;0;0;0
o;281;104;298;87;298;0;0;0;0;0;0
o;290;108;291;90;308;0;0;0;0;0;0
o;290;109;290;90;309;0;0;0;0;0;0
o;291;102;290;102;291;0;0;0;0;0;0
o;291;102;290;102;291;0;0;0;0;0;0
o;291;102;291;102;291;0;0;0;0;0;0
o;291;90;308;91;290;0;0;0;0;0;0
o;294;102;289;102;307;0;0;0;0;0;0
o;294;104;294;103;294;0;0;0;0;0;0
o;295;102;290;102;290;0;0;0;0;0;0
o;295;102;290;102;290;0;0;0;0;0;0
o;295;102;290;102;291;0;0;0;0;0;0
o;295;107;287;107;287;0;0;0;0;0;0
o;296;102;291;102;291;0;0;0;0;0;0
o;296;102;307;85;308;0;0;0;0;0;0
o;296;85;308;102;290;0;0;0;0;0;0
o;298;102;290;102;290;0;0;0;0;0;0
o;298;105;297;87;297;0;0;0;0;0;0
o;299;102;291;102;290;0;0;0;0;0;0
o;303;102;290;102;291;0;0;0;0;0;0
o;307;102;291;102;291;0;0;0;0;0;0
o;307;103;290;102;290;0;0;0;0;0;0
o;307;85;306;102;290;0;0;0;0;0;0
p;102;85;308;85;307;102;86;0;0;0;0
p;104;86;311;86;293;103;104;0;0;0;0
p;107;106;283;106;284;106;88;0;0;0;0
p;107;106;283;212;301;88;107;0;0;0;0
p;68;85;239;85;238;68;86;0;0;0;0
p;68;85;240;85;239;85;69;0;0;0;0
p;70;88;229;87;229;88;88;0;0;0;0
p;70;88;229;87;247;70;88;0;0;0;0
p;70;88;246;70;247;87;71;0;0;0;0
p;71;87;229;88;229;87;88;0;0;0;0
p;71;89;230;88;231;88;89;0;0;0;0
p;72;71;251;72;250;72;89;0;0;0;0
p;74;93;243;74;243;74;74;0;0;0;0
p;79;71;248;70;248;71;88;0;0;0;0
p;83;67;234;67;234;67;83;0;0;0;0
p;85;68;239;68;238;68;85;0;0;0;0
p;85;85;240;68;239;85;85;0;0;0;0
p;86;68;239;85;239;85;86;0;0;0;0
p;86;85;238;85;222;85;85;0;0;0;0
p;88;69;243;86;243;70;86;0;0;0;0
p;88;69;246;87;228;87;70;0;0;0;0
p;88;70;227;70;245;52;88;0;0;0;0
p;89;70;230;71;230;70;89;0;0;0;0
p;89;71;248;71;248;88;71;0;0;0;0
p;89;88;231;88;231;88;71;0;0;0;0
p;90;71;233;90;233;89;72;0;0;0;0
p;92;85;239;85;222;85;86;0;0;0;0
q;229;87;247;140;88;70;247;0;0;0;0
q;234;67;234;67;83;67;234;0;0;0;0
q;236;72;255;72;73;90;236;0;0;0;0
q;237;72;236;90;73;90;236;0;0;0;0
q;239;68;239;85;85;85;239;0;0;0;0
q;239;85;239;68;86;85;239;0;0;0;0
q;239;85;239;85;68;85;239;0;0;0;0
q;239;85;239;85;69;85;239;0;0;0;0
q;239;85;239;85;69;85;239;0;0;0;0
q;239;85;239;85;85;68;239;0;0;0;0
q;240;68;239;85;85;85;240;0;0;0;0
q;243;72;236;91;72;90;236;0;0;0;0
q;243;86;243;155;86;86;226;0;0;0;0
q;247;87;229;87;88;70;246;0;0;0;0
q;247;88;228;88;88;70;246;0;0;0;0
q;248;88;229;157;71;87;229;0;0;0;0
q;249;70;248;71;88;71;248;0;0;0;0
q;251;84;234;83;84;83;234;0;0;0;0
q;253;70;247;87;71;87;229;0;0;0;0
q;290;102;290;102;102;85;307;0;0;0;0
q;294;110;294;92;91;110;294;0;0;0;0
q;295;86;294;103;104;86;312;0;0;0;0
q;305;90;305;89;108;89;305;0;0;0;0
r;102;102;290;102;102;0;0;0;0;0;0
r;103;102;290;102;85;0;0;0;0;0;0
r;103;119;290;102;85;0;0;0;0;0;0
r;104;103;294;103;87;0;0;0;0;0;0
r;105;102;290;102;103;0;0;0;0;0;0
r;105;105;297;87;105;0;0;0;0;0;0
r;105;105;298;87;105;0;0;0;0;0;0
r;107;106;283;106;106;0;0;0;0;0;0
r;107;88;301;106;89;0;0;0;0;0;0
r;108;107;287;107;90;0;0;0;0;0;0
r;108;107;287;89;108;0;0;0;0;0;0
r;68;85;239;85;69;0;0;0;0;0;0
r;68;85;240;85;68;0;0;0;0;0;0
r;70;103;225;69;87;0;0;0;0;0;0
r;70;86;242;86;69;0;0;0;0;0;0
r;70;86;243;87;69;0;0;0;0;0;0
r;70;88;229;87;71;0;0;0;0;0;0
r;71;71;232;71;89;0;0;0;0;0;0
r;71;87;245;70;87;0;0;0;0;0;0
r;71;89;232;88;72;0;0;0;0;0;0
r;72;88;230;89;88;0;0;0;0;0;0
r;72;88;232;88;71;0;0;0;0;0;0
r;72;89;233;89;72;0;0;0;0;0;0
r;72;89;233;90;71;0;0;0;0;0;0
r;72;89;233;90;71;0;0;0;0;0;0
r;73;90;234;90;72;0;0;0;0;0;0
r;73;91;237;72;73;0;0;0;0;0;0
r;73;91;237;73;91;0;0;0;0;0;0
r;73;91;237;91;73;0;0;0;0;0;0
r;74;91;237;72;92;0;0;0;0;0;0
r;75;90;233;89;70;0;0;0;0;0;0
r;75;90;233;92;73;0;0;0;0;0;0
r;78;70;245;70;69;0;0;0;0;0;0
r;83;82;232;69;85;0;0;0;0;0;0
r;83;90;231;88;70;0;0;0;0;0;0
r;84;67;248;85;69;0;0;0;0;0;0
r;85;67;238;67;85;0;0;0;0;0;0
r;85;85;237;84;68;0;0;0;0;0;0
r;85;85;237;84;85;0;0;0;0;0;0
r;86;102;308;102;85;0;0;0;0;0;0
r;86;68;222;68;86;0;0;0;0;0;0
r;87;69;224;69;87;0;0;0;0;0;0
r;87;69;243;86;70;0;0;0;0;0;0
r;87;87;242;86;69;0;0;0;0;0;0
r;88;122;280;105;105;0;0;0;0;0;0
r;88;70;245;87;70;0;0;0;0;0;0
r;88;87;228;87;70;0;0;0;0;0;0
r;89;106;301;88;106;0;0;0;0;0;0
r;89;106;301;88;106;0;0;0;0;0;0
r;89;53;247;71;71;0;0;0;0;0;0
r;89;70;249;88;71;0;0;0;0;0;0
r;89;71;248;70;90;0;0;0;0;0;0
r;89;88;230;88;71;0;0;0;0;0;0
r;89;88;230;89;70;0;0;0;0;0;0
r;89;88;231;88;71;0;0;0;0;0;0
r;89;88;236;74;91;0;0;0;0;0;0
r;89;88;239;72;75;0;0;0;0;0;0
r;89;89;230;88;71;0;0;0;0;0;0
r;89;89;231;89;71;0;0;0;0;0;0
r;90;107;287;108;89;0;0;0;0;0;0
r;90;70;248;89;70;0;0;0;0;0;0
r;90;71;233;90;71;0;0;0;0;0;0
r;90;71;233;90;71;0;0;0;0;0;0
r;90;71;252;71;90;0;0;0;0;0;0
r;90;72;233;89;72;0;0;0;0;0;0
r;90;72;235;89;73;0;0;0;0;0;0
r;90;72;251;71;90;0;0;0;0;0;0
r;90;72;251;71;90;0;0;0;0;0;0
r;90;72;253;71;72;0;0;0;0;0;0
r;90;88;232;89;71;0;0;0;0;0;0
r;90;88;232;89;71;0;0;0;0;0;0
r;90;89;231;89;71;0;0;0;0;0;0
r;90;89;231;89;71;0;0;0;0;0;0
r;90;90;232;72;89;0;0;0;0;0;0
r;90;90;233;72;90;0;0;0;0;0;0
r;90;90;235;72;90;0;0;0;0;0;0
r;91;107;287;107;90;0;0;0;0;0;0
r;91;72;252;72;90;0;0;0;0;0;0
r;91;73;237;90;73;0;0;0;0;0;0
r;92;72;238;91;73;0;0;0;0;0;0
r;92;73;237;91;72;0;0;0;0;0;0
r;92;73;237;91;73;0;0;0;0;0;0
r;95;75;245;76;75;0;0;0;0;0;0
r;97;106;301;88;106;0;0;0;0;0;0
s;102;85;103;102;102;0;0;0;0;0;0
s;104;103;87;103;103;0;0;0;0;0;0
s;105;87;105;105;87;0;0;0;0;0;0
s;107;88;106;106;89;0;0;0;0;0;0
s;108;89;108;107;90;0;0;0;0;0;0
s;137;68;85;68;85;0;0;0;0;0;0
s;224;68;85;68;86;0;0;0;0;0;0
s;235;81;82;70;245;83;0;0;0;0;0
s;239;68;239;68;239;0;0;0;0;0;0
s;239;68;239;85;68;68;85;0;0;0;0
s;365;69;70;70;227;70;227;0;0;0;0
s;67;83;84;83;84;0;0;0;0;0;0
s;68;68;86;68;85;0;0;0;0;0;0
s;68;85;69;85;85;0;0;0;0;0;0
s;68;86;85;85;68;0;0;0;0;0;0
s;69;87;69;86;86;0;0;0;0;0;0
s;70;69;86;69;86;0;0;0;0;0;0
s;70;69;87;69;86;0;0;0;0;0;0
s;70;86;86;87;69;0;0;0;0;0;0
s;70;86;87;69;86;0;0;0;0;0;0
s;72;88;88;71;89;0;0;0;0;0;0
s;72;90;72;90;72;0;0;0;0;0;0
s;73;89;72;90;72;0;0;0;0;0;0
s;75;92;73;74;92;0;0;0;0;0;0
s;79;70;89;70;89;0;0;0;0;0;0
s;79;89;88;70;89;0;0;0;0;0;0
s;84;68;84;67;85;0;0;0;0;0;0
s;84;83;67;83;84;0;0;0;0;0;0
s;85;102;102;102;103;0;0;0;0;0;0
s;85;85;69;85;85;0;0;0;0;0;0
s;86;69;86;52;86;0;0;0;0;0;0
s;86;69;87;69;86;0;0;0;0;0;0
s;86;87;69;86;86;0;0;0;0;0;0
s;86;87;69;86;86;0;0;0;0;0;0
s;87;68;85;85;68;0;0;0;0;0;0
s;87;68;87;86;69;0;0;0;0;0;0
s;87;69;86;86;69;0;0;0;0;0;0
s;87;69;87;69;87;0;0;0;0;0;0
s;87;69;87;69;87;0;0;0;0;0;0
s;87;70;88;87;70;0;0;0;0;0;0
s;87;86;69;86;69;0;0;0;0;0;0
s;87;86;69;86;70;0;0;0;0;0;0
s;87;86;70;86;70;0;0;0;0;0;0
s;87;87;69;87;69;0;0;0;0;0;0
s;88;70;70;70;87;0;0;0;0;0;0
s;88;70;88;70;88;0;0;0;0;0;0
s;88;70;88;70;88;0;0;0;0;0;0
s;88;70;88;88;70;0;0;0;0;0;0
s;88;85;68;85;69;0;0;0;0;0;0
s;88;86;69;87;69;0;0;0;0;0;0
s;88;86;70;86;70;0;0;0;0;0;0
s;88;86;70;86;87;0;0;0;0;0;0
s;88;87;70;87;70;0;0;0;0;0;0
s;88;87;70;87;70;0;0;0;0;0;0
s;88;87;70;88;70;0;0;0;0;0;0
s;89;106;89;106;106;0;0;0;0;0;0
s;89;53;88;71;88;0;0;0;0;0;0
s;89;71;88;88;71;0;0;0;0;0;0
s;89;71;88;88;71;0;0;0;0;0;0
s;89;88;71;88;71;0;0;0;0;0;0
s;89;88;71;88;71;0;0;0;0;0;0
s;90;70;89;70;89;0;0;0;0;0;0
s;90;72;89;72;90;0;0;0;0;0;0
s;90;72;90;54;90;0;0;0;0;0;0
s;90;88;70;88;70;0;0;0;0;0;0
s;90;89;72;89;72;0;0;0;0;0;0
s;90;89;72;89;72;0;0;0;0;0;0
s;90;90;72;90;72;0;0;0;0;0;0
s;91;107;89;108;89;0;0;0;0;0;0
s;91;72;91;72;73;0;0;0;0;0;0
s;91;73;90;73;72;0;0;0;0;0;0
s;91;90;72;90;72;0;0;0;0;0;0
s;92;91;73;72;91;0;0;0;0;0;0
s;93;73;73;73;92;0;0;0;0;0;0
s;95;75;75;94;76;0;0;0;0;0;0
t;152;0;0;0;0;0;0;0;0;0;0
t;226;0;0;0;0;0;0;0;0;0;0
t;231;0;0;0;0;0;0;0;0;0;0
t;231;0;0;0;0;0;0;0;0;0;0
t;232;0;0;0;0;0;0;0;0;0;0
t;232;0;0;0;0;0;0;0;0;0;0
t;234;0;0;0;0;0;0;0;0;0;0
t;234;0;0;0;0;0;0;0;0;0;0
t;236;0;0;0;0;0;0;0;0;0;0
t;237;0;0;0;0;0;0;0;0;0;0
t;238;0;0;0;0;0;0;0;0;0;0
t;239;0;0;0;0;0;0;0;0;0;0
t;239;0;0;0;0;0;0;0;0;0;0
t;239;0;0;0;0;0;0;0;0;0;0
t;239;0;0;0;0;0;0;0;0;0;0
t;240;0;0;0;0;0;0;0;0;0;0
t;240;0;0;0;0;0;0;0;0;0;0
t;240;0;0;0;0;0;0;0;0;0;0
t;240;0;0;0;0;0;0;0;0;0;0
t;240;0;0;0;0;0;0;0;0;0;0
t;240;0;0;0;0;0;0;0;0;0;0
t;241;0;0;0;0;0;0;0;0;0;0
t;242;0;0;0;0;0;0;0;0;0;0
t;242;0;0;0;0;0;0;0;0;0;0
t;242;0;0;0;0;0;0;0;0;0;0
t;242;0;0;0;0;0;0;0;0;0;0
t;243;0;0;0;0;0;0;0;0;0;0
t;243;0;0;0;0;0;0;0;0;0;0
t;244;0;0;0;0;0;0;0;0;0;0
t;244;0;0;0;0;0;0;0;0;0;0
t;244;0;0;0;0;0;0;0;0;0;0
t;245;0;0;0;0;0;0;0;0;0;0
t;245;0;0;0;0;0;0;0;0;0;0
t;245;0;0;0;0;0;0;0;0;0;0
t;245;0;0;0;0;0;0;0;0;0;0
t;246;0;0;0;0;0;0;0;0;0;0
t;247;0;0;0;0;0;0;0;0;0;0
t;247;0;0;0;0;0;0;0;0;0;0
t;247;0;0;0;0;0;0;0;0;0;0
t;248;0;0;0;0;0;0;0;0;0;0
t;248;0;0;0;0;0;0;0;0;0;0
t;248;0;0;0;0;0;0;0;0;0;0
t;248;0;0;0;0;0;0;0;0;0;0
t;248;0;0;0;0;0;0;0;0;0;0
t;249;;0;0;0;0;0;0;0;0;0
t;249;0;0;0;0;0;0;0;0;0;0
t;249;0;0;0;0;0;0;0;0;0;0
t;252;0;0;0;0;0;0;0;0;0;0
t;253;0;0;0;0;0;0;0;0;0;0
t;253;0;0;0;0;0;0;0;0;0;0
t;256;0;0;0;0;0;0;0;0;0;0
t;259;0;0;0;0;0;0;0;0;0;0
t;261;0;0;0;0;0;0;0;0;0;0
t;289;0;0;0;0;0;0;0;0;0;0
t;290;0;0;0;0;0;0;0;0;0;0
t;290;0;0;0;0;0;0;0;0;0;0
t;290;0;0;0;0;0;0;0;0;0;0
t;292;0;0;0;0;0;0;0;0;0;0
t;295;0;0;0;0;0;0;0;0;0;0
t;295;0;0;0;0;0;0;0;0;0;0
t;298;0;0;0;0;0;0;0;0;0;0
t;307;0;0;0;0;0;0;0;0;0;0
t;308;0;0;0;0;0;0;0;0;0;0
t;597;0;0;0;0;0;0;0;0;0;0
t;69;242;0;0;0;0;0;0;0;0;0
u;100;74;73;92;240;0;0;0;0;0;0
u;102;102;86;119;290;0;0;0;0;0;0
u;103;102;102;102;307;0;0;0;0;0;0
u;103;85;103;153;290;0;0;0;0;0;0
u;104;102;102;137;290;0;0;0;0;0;0
u;104;104;103;86;295;0;0;0;0;0;0
u;107;106;88;141;301;0;0;0;0;0;0
u;137;68;85;68;239;0;0;0;0;0;0
u;70;86;87;69;243;0;0;0;0;0;0
u;70;87;87;69;243;0;0;0;0;0;0
u;70;88;88;70;246;0;0;0;0;0;0
u;71;88;71;88;231;0;0;0;0;0;0
u;71;88;71;88;248;0;0;0;0;0;0
u;72;88;71;88;230;0;0;0;0;0;0
u;72;88;88;71;248;0;0;0;0;0;0
u;72;89;72;89;234;0;0;0;0;0;0
u;72;90;72;90;235;0;0;0;0;0;0
u;74;91;73;91;237;0;0;0;0;0;0
u;75;91;74;74;240;0;0;0;0;0;0
u;75;93;75;74;243;0;0;0;0;0;0
u;75;93;75;74;243;0;0;0;0;0;0
u;78;68;87;69;224;0;0;0;0;0;0
u;85;67;85;85;237;0;0;0;0;0;0
u;85;68;84;68;237;0;0;0;0;0;0
u;85;85;68;84;237;0;0;0;0;0;0
u;85;85;84;85;237;0;0;0;0;0;0
u;85;85;86;68;239;0;0;0;0;0;0
u;86;102;102;102;307;0;0;0;0;0;0
u;86;68;86;68;240;0;0;0;0;0;0
u;87;103;103;121;294;0;0;0;0;0;0
u;87;69;87;69;226;0;0;0;0;0;0
u;87;69;87;69;243;0;0;0;0;0;0
u;87;69;87;87;225;0;0;0;0;0;0
u;87;85;85;69;239;0;0;0;0;0;0
u;87;86;69;86;242;0;0;0;0;0;0
u;87;86;69;86;243;0;0;0;0;0;0
u;87;87;86;70;243;0;0;0;0;0;0
u;87;87;87;69;243;0;0;0;0;0;0
u;88;69;87;69;243;0;0;0;0;0;0
u;88;70;88;70;229;0;0;0;0;0;0
u;88;70;88;70;247;0;0;0;0;0;0
u;88;70;88;88;228;0;0;0;0;0;0
u;88;86;69;87;243;0;0;0;0;0;0
u;88;86;70;86;226;0;0;0;0;0;0
u;88;87;70;87;245;0;0;0;0;0;0
u;89;102;102;102;307;0;0;0;0;0;0
u;89;106;106;88;302;0;0;0;0;0;0
u;89;106;88;106;301;0;0;0;0;0;0
u;89;53;88;71;230;0;0;0;0;0;0
u;89;70;89;53;248;0;0;0;0;0;0
u;89;71;88;71;230;0;0;0;0;0;0
u;89;71;88;71;230;0;0;0;0;0;0
u;89;71;89;70;248;0;0;0;0;0;0
u;89;71;89;71;249;0;0;0;0;0;0
u;89;71;89;71;250;0;0;0;0;0;0
u;89;88;71;88;230;0;0;0;0;0;0
u;89;88;71;88;231;0;0;0;0;0;0
u;89;89;70;89;230;0;0;0;0;0;0
u;89;89;70;89;230;0;0;0;0;0;0
u;89;89;70;89;248;0;0;0;0;0;0
u;90;107;90;143;304;0;0;0;0;0;0
u;90;107;90;143;305;0;0;0;0;0;0
u;90;71;71;71;231;0;0;0;0;0;0
u;90;71;89;71;249;0;0;0;0;0;0
u;90;71;90;71;233;0;0;0;0;0;0
u;90;72;89;72;233;0;0;0;0;0;0
u;90;88;71;88;230;0;0;0;0;0;0
u;90;89;72;89;233;0;0;0;0;0;0
u;90;89;72;89;234;0;0;0;0;0;0
u;91;54;91;72;236;0;0;0;0;0;0
u;91;71;90;72;234;0;0;0;0;0;0
u;91;72;73;72;235;0;0;0;0;0;0
u;91;73;72;72;236;0;0;0;0;0;0
u;91;73;91;73;237;0;0;0;0;0;0
u;91;90;73;72;254;0;0;0;0;0;0
u;91;90;73;90;236;0;0;0;0;0;0
u;91;91;72;72;254;0;0;0;0;0;0
u;91;91;73;73;255;0;0;0;0;0;0
u;92;90;72;73;254;0;0;0;0;0;0
u;93;74;92;73;240;0;0;0;0;0;0
u;93;75;93;74;243;0;0;0;0;0;0
u;97;106;106;105;301;0;0;0;0;0;0
u;97;70;71;70;248;0;0;0;0;0;0
v;102;103;85;102;103;136;290;0;0;0;0
v;104;86;103;104;86;103;294;0;0;0;0
v;105;105;87;105;105;157;297;0;0;0;0
v;67;83;84;83;67;84;250;0;0;0;0
v;72;88;72;88;71;89;232;0;0;0;0
v;87;69;86;69;86;69;225;0;0;0;0
v;87;85;69;85;86;85;240;0;0;0;0
v;88;104;88;104;105;88;297;0;0;0;0
v;88;70;70;70;87;70;245;0;0;0;0
v;88;87;70;88;69;88;245;0;0;0;0
v;88;87;71;87;70;87;228;0;0;0;0
v;89;70;89;71;70;71;248;0;0;0;0
v;89;71;89;71;89;71;250;0;0;0;0
v;90;88;72;88;72;88;232;0;0;0;0
v;91;71;91;71;90;72;235;0;0;0;0
v;91;72;90;71;73;89;235;0;0;0;0
w;106;87;298;104;298;0;0;0;0;0;0
w;106;87;298;105;298;0;0;0;0;0;0
w;108;89;304;90;304;0;0;0;0;0;0
w;70;88;244;70;245;0;0;0;0;0;0
w;70;88;246;70;246;0;0;0;0;0;0
w;71;70;245;70;228;0;0;0;0;0;0
w;71;87;245;69;245;0;0;0;0;0;0
w;71;87;245;70;244;0;0;0;0;0;0
w;71;87;245;70;245;0;0;0;0;0;0
w;72;90;234;90;235;0;0;0;0;0;0
w;73;90;234;90;234;0;0;0;0;0;0
w;85;102;308;102;290;0;0;0;0;0;0
w;86;68;223;69;240;0;0;0;0;0;0
w;86;85;240;69;240;0;0;0;0;0;0
w;88;69;228;69;228;0;0;0;0;0;0
w;88;69;228;69;245;0;0;0;0;0;0
w;88;70;227;70;245;0;0;0;0;0;0
w;88;70;245;87;228;0;0;0;0;0;0
w;88;83;236;87;240;0;0;0;0;0;0
w;88;87;227;87;245;0;0;0;0;0;0
w;88;87;228;87;245;0;0;0;0;0;0
w;88;87;228;87;245;0;0;0;0;0;0
w;88;87;228;87;245;0;0;0;0;0;0
w;88;87;228;87;245;0;0;0;0;0;0
w;88;87;228;87;246;0;0;0;0;0;0
w;88;87;245;70;245;0;0;0;0;0;0
w;88;87;246;70;245;0;0;0;0;0;0
w;88;88;245;70;245;0;0;0;0;0;0
w;90;72;252;72;234;0;0;0;0;0;0
w;91;90;234;90;234;0;0;0;0;0;0
w;94;68;241;85;240;0;0;0;0;0;0
x;231;88;71;89;71;88;248;0;0;0;0
x;231;88;88;71;88;71;248;0;0;0;0
x;234;86;70;86;87;86;226;0;0;0;0
x;239;85;68;85;86;85;239;0;0;0;0
x;243;87;69;87;69;87;243;0;0;0;0
x;244;69;69;69;87;69;244;0;0;0;0
x;248;71;70;71;88;71;230;0;0;0;0
x;254;68;85;85;68;85;239;0;0;0;0
x;261;70;87;87;69;87;226;0;0;0;0
x;301;89;106;105;89;106;283;0;0;0;0
x;302;88;107;106;88;159;301;0;0;0;0
y;226;70;86;70;242;52;243;0;0;0;0
y;230;71;88;71;230;70;230;0;0;0;0
y;230;89;70;89;248;71;248;0;0;0;0
y;231;71;88;71;230;70;230;0;0;0;0
y;231;71;88;71;230;71;230;0;0;0;0
y;231;88;71;88;248;71;248;0;0;0;0
y;231;88;71;88;248;71;248;0;0;0;0
y;231;88;88;71;248;70;248;0;0;0;0
y;231;89;70;89;248;71;248;0;0;0;0
y;234;83;84;83;234;84;234;0;0;0;0
y;234;90;72;90;234;90;235;0;0;0;0
y;237;91;73;73;237;91;237;0;0;0;0
y;238;91;72;91;237;73;237;0;0;0;0
y;238;91;73;90;237;73;237;0;0;0;0
y;239;68;85;85;240;85;222;0;0;0;0
y;239;85;68;85;240;85;239;0;0;0;0
y;239;85;68;86;239;85;239;0;0;0;0
y;243;87;87;69;243;86;243;0;0;0;0
y;244;86;87;69;243;87;243;0;0;0;0
y;245;68;85;69;238;68;222;0;0;0;0
y;248;70;89;70;248;88;230;0;0;0;0
y;248;71;89;70;248;71;248;0;0;0;0
y;248;89;71;88;230;89;230;0;0;0;0
y;248;89;71;88;231;88;230;0;0;0;0
y;249;70;89;70;248;71;247;0;0;0;0
y;249;70;89;70;248;89;230;0;0;0;0
y;249;71;88;71;248;88;231;0;0;0;0
y;249;88;71;88;230;88;231;0;0;0;0
y;249;88;71;88;230;89;230;0;0;0;0
y;251;90;71;90;233;71;251;0;0;0;0
y;256;70;88;71;248;88;230;0;0;0;0
y;256;73;91;73;237;90;237;0;0;0;0
y;302;88;106;88;302;106;283;0;0;0;0
y;303;88;106;124;302;106;284;0;0;0;0
y;307;102;86;102;290;102;290;0;0;0;0
z;245;85;239;68;85;85;68;0;0;0;0
z;247;85;239;68;85;85;68;0;0;0;0
z;248;71;247;71;88;71;88;0;0;0;0
z;248;85;239;85;68;85;85;0;0;0;0
